Title,Journal,DOI,Link
Modelling the impact of building energy consumption on urban thermal environment: The bias of the inventory approach,Urban Climate,10.1016/j.uclim.2023.101802,https://www.scopus.com/inward/record.uri?eid=2-s2.0-85182909656&doi=10.1016%2fj.uclim.2023.101802&partnerID=40&md5=ef5c54e8a4055070fba07ecc204c7c63
Defining weather scenarios for simulation-based assessment of thermal resilience of buildings under current and future climates: A case study in Brazil,Sustainable Cities and Society,10.1016/j.scs.2024.105460,https://www.scopus.com/inward/record.uri?eid=2-s2.0-85191898222&doi=10.1016%2fj.scs.2024.105460&partnerID=40&md5=900c4c769df4e9a7e5f68403b9255e1b
Assessing the impact of urban microclimate on building energy demand by coupling CFD and building performance simulation,Journal of Building Engineering,10.1016/j.jobe.2022.104681,https://www.scopus.com/inward/record.uri?eid=2-s2.0-85132450343&doi=10.1016%2fj.jobe.2022.104681&partnerID=40&md5=06b62529d736eb3ac9a0f182091c9f64
The extreme heat wave of July–August 2021 in the Athens urban area (Greece): Atmospheric and human-biometeorological analysis exploiting ultra-high resolution numerical modeling and the local climate zone framework,Science of the Total Environment,10.1016/j.scitotenv.2022.159300,https://www.scopus.com/inward/record.uri?eid=2-s2.0-85139856719&doi=10.1016%2fj.scitotenv.2022.159300&partnerID=40&md5=1c634c4d8c50b0145ed5659262e71d46
"Climate change and infrastructure risk: Indoor heat exposure during a concurrent heat wave and blackout event in Phoenix, Arizona",Urban Climate,10.1016/j.uclim.2021.100787,https://www.scopus.com/inward/record.uri?eid=2-s2.0-85100813160&doi=10.1016%2fj.uclim.2021.100787&partnerID=40&md5=4898a6a424ab53b789c4f03d2fb437db
Modelling the effect of BIPV window in the built environment: Uncertainty and sensitivity,Building and Environment,10.1016/j.buildenv.2021.108605,https://www.scopus.com/inward/record.uri?eid=2-s2.0-85122959998&doi=10.1016%2fj.buildenv.2021.108605&partnerID=40&md5=449f51ea0b1f5c687f78b65bc2e5eda7
"Impact of air conditioning systems on the outdoor thermal environment during summer in Berlin, Germany",International Journal of Environmental Research and Public Health,10.3390/ijerph17134645,https://www.scopus.com/inward/record.uri?eid=2-s2.0-85087200071&doi=10.3390%2fijerph17134645&partnerID=40&md5=7bf47d49ff744ffb3b1af827e2665705
A New Methodology to Assess Building Integrated Roof Top Photovoltaic Installations at City Scales: The Tropical Coastal City Case,Journal of Engineering for Sustainable Buildings and Cities,10.1115/1.4045347,https://www.scopus.com/inward/record.uri?eid=2-s2.0-85140426454&doi=10.1115%2f1.4045347&partnerID=40&md5=d23e66e22271c29501a10b6aa68fbb77
Simulation of interaction between high-temperature process and heat emission from electricity system in summer,Global Energy Interconnection,10.1016/j.gloei.2022.12.010,https://www.scopus.com/inward/record.uri?eid=2-s2.0-85147421874&doi=10.1016%2fj.gloei.2022.12.010&partnerID=40&md5=66a007afbc330eeb768ab9aacfd30c45
Spatially Explicit Correction of Simulated Urban Air Temperatures Using Crowdsourced Data,Journal of Applied Meteorology and Climatology,10.1175/JAMC-D-22-0142.1,https://www.scopus.com/inward/record.uri?eid=2-s2.0-85176500975&doi=10.1175%2fJAMC-D-22-0142.1&partnerID=40&md5=ad87236e0fb1f563222aa9d04b84e6d4
"Built form, urban climate and building energy modelling: case-studies in Rome and Antofagasta",Journal of Building Performance Simulation,10.1080/19401493.2019.1707876,https://www.scopus.com/inward/record.uri?eid=2-s2.0-85078639806&doi=10.1080%2f19401493.2019.1707876&partnerID=40&md5=25cc68b78244fe13c8efc21cafcd8c0b
Significance of external wind conditions on the convective heat transfer coefficients (CHTC) and energy performance in multi-zone high-rise buildings,Energy and Buildings,10.1016/j.enbuild.2024.114570,https://www.scopus.com/inward/record.uri?eid=2-s2.0-85199888561&doi=10.1016%2fj.enbuild.2024.114570&partnerID=40&md5=b1de5e5a6ad515837c85bbf09d33f5ae
An urban thermal tool chain to simulate summer thermal comfort in passive urban buildings,Building and Environment,10.1016/j.buildenv.2022.108987,https://www.scopus.com/inward/record.uri?eid=2-s2.0-85126629457&doi=10.1016%2fj.buildenv.2022.108987&partnerID=40&md5=5450c6bb2a3670778ccd5094fe1db35d
High Resolution WRF Simulations for the Tel-Aviv Metropolitan Area Reveal the Urban Fingerprint in the Sea-Breeze Hodograph,Journal of Geophysical Research: Atmospheres,10.1029/2020JD033691,https://www.scopus.com/inward/record.uri?eid=2-s2.0-85102600545&doi=10.1029%2f2020JD033691&partnerID=40&md5=d2d1642e8c6cb3e9b655f5c53a8a5c26
On the robustness of thermal comfort against uncertain future climate: A Bayesian bootstrap method,Building and Environment,10.1016/j.buildenv.2022.109665,https://www.scopus.com/inward/record.uri?eid=2-s2.0-85141285232&doi=10.1016%2fj.buildenv.2022.109665&partnerID=40&md5=fac33da8375d3128f194b24c02eda04a
Quantifying the Contribution of Urbanization to Summer Extreme High-Temperature Events in the Beijing–Tianjin–Hebei Urban Agglomeration,Journal of Applied Meteorology and Climatology,10.1175/JAMC-D-21-0201.1,https://www.scopus.com/inward/record.uri?eid=2-s2.0-85132173174&doi=10.1175%2fJAMC-D-21-0201.1&partnerID=40&md5=163dd33d3f25ab3fceeba16966d29f70
THE IDEALIZED AND THE REALISTIC VALIDATION STUDIES OF BUILDING SIMULATION MODELS IN GHANA,Journal of Green Building,10.3992/jgb.17.3.141,https://www.scopus.com/inward/record.uri?eid=2-s2.0-85139505358&doi=10.3992%2fjgb.17.3.141&partnerID=40&md5=30793abe651629bd6fc55de94adcbcee
Impact of different roofing mitigation strategies on near-surface temperature and energy consumption over the Chicago metropolitan area during a heatwave event,Science of the Total Environment,10.1016/j.scitotenv.2022.160508,https://www.scopus.com/inward/record.uri?eid=2-s2.0-85146054431&doi=10.1016%2fj.scitotenv.2022.160508&partnerID=40&md5=a84cfca1c282f39cee34491b1d760582
A data schema for exchanging information between urban building energy models and urban microclimate models in coupled simulations,Journal of Building Performance Simulation,10.1080/19401493.2022.2142295,https://www.scopus.com/inward/record.uri?eid=2-s2.0-85141724258&doi=10.1080%2f19401493.2022.2142295&partnerID=40&md5=5bc8c7939da1114eb1b762e78b2779e7
Generating meteorological files of future climates with heatwaves in urban context to evaluate building overheating: An energy-efficient dwelling case study,Building and Environment,10.1016/j.buildenv.2024.111874,https://www.scopus.com/inward/record.uri?eid=2-s2.0-85199387283&doi=10.1016%2fj.buildenv.2024.111874&partnerID=40&md5=0ad4cdccad791e524ce9407843f52b14
Unravelling the impact of courtyard geometry on cooling energy consumption in buildings,Building and Environment,10.1016/j.buildenv.2023.110349,https://www.scopus.com/inward/record.uri?eid=2-s2.0-85153674491&doi=10.1016%2fj.buildenv.2023.110349&partnerID=40&md5=ec9ea8c38deaa364b165d1da502221b2
Multiscale numerical assessment of urban overheating under climate projections: A review,Urban Climate,10.1016/j.uclim.2023.101551,https://www.scopus.com/inward/record.uri?eid=2-s2.0-85158014568&doi=10.1016%2fj.uclim.2023.101551&partnerID=40&md5=47974ddc415cf71bd29443e30067ff6b
A statistical model of the spatial variability of weather for use in building simulation practice,Building and Environment,10.1016/j.buildenv.2021.108331,https://www.scopus.com/inward/record.uri?eid=2-s2.0-85115023434&doi=10.1016%2fj.buildenv.2021.108331&partnerID=40&md5=888bcedf7e128b8d52dadb48a4827a7f
"Comparison of urban heat island intensity estimation methods using urbanized WRF in Berlin, Germany",Atmosphere,10.3390/atmos11121338,https://www.scopus.com/inward/record.uri?eid=2-s2.0-85098049785&doi=10.3390%2fatmos11121338&partnerID=40&md5=7de7c160cd05019474d8b4c5e42c41aa
"A Methodology of Creating a Synthetic, Urban-Specific Weather Dataset Using a Microclimate Model for Building Energy Modelling",Buildings,10.3390/buildings12091407,https://www.scopus.com/inward/record.uri?eid=2-s2.0-85138734255&doi=10.3390%2fbuildings12091407&partnerID=40&md5=10966c5e6d1e52ebea2030b619246da9
Urban meteorological forcing data for building energy simulations,Building and Environment,10.1016/j.buildenv.2021.108088,https://www.scopus.com/inward/record.uri?eid=2-s2.0-85110470695&doi=10.1016%2fj.buildenv.2021.108088&partnerID=40&md5=c345dd17ee972baff2c51df369c944d1
Multi-objective optimization of buildings in urban scale for early stage planning and parametric design,Sustainable Cities and Society,10.1016/j.scs.2024.105714,https://www.scopus.com/inward/record.uri?eid=2-s2.0-85200144548&doi=10.1016%2fj.scs.2024.105714&partnerID=40&md5=98218722481b43be5bea38ed0ac9d162
Assessing the impact of climate change on building heating and cooling energy demand in Canada,Renewable and Sustainable Energy Reviews,10.1016/j.rser.2019.109681,https://www.scopus.com/inward/record.uri?eid=2-s2.0-85077184505&doi=10.1016%2fj.rser.2019.109681&partnerID=40&md5=21784e11636f85d2b5f9933f816172ca
How will United States commercial building energy use be impacted by IPCC climate scenarios?,Energy,10.1016/j.energy.2022.125945,https://www.scopus.com/inward/record.uri?eid=2-s2.0-85141990241&doi=10.1016%2fj.energy.2022.125945&partnerID=40&md5=8d8636f25322f4f5d3f80c55c75301cd
Compound Climate and Infrastructure Events: How Electrical Grid Failure Alters Heat Wave Risk,Environmental Science and Technology,10.1021/acs.est.1c00024,https://www.scopus.com/inward/record.uri?eid=2-s2.0-85106524920&doi=10.1021%2facs.est.1c00024&partnerID=40&md5=154e83837edaaed6d6c148a017897c98
Moderating AC Usage Can Reduce Thermal Disparity between Indoor and Outdoor Environments,Environmental Science and Technology,10.1021/acs.est.4c00424,https://www.scopus.com/inward/record.uri?eid=2-s2.0-85195264950&doi=10.1021%2facs.est.4c00424&partnerID=40&md5=c763d97de3527bf2301f71d741374911
Diurnal Selective Radiative Cooling Impact in Mitigating Urban Heat Island Effect,Sustainable Cities and Society,10.1016/j.scs.2022.103932,https://www.scopus.com/inward/record.uri?eid=2-s2.0-85129775561&doi=10.1016%2fj.scs.2022.103932&partnerID=40&md5=bc7a661d213ba27d7e21e92d22550ee4
"Urban heat island phenomenon in a desert, coastal city: The impact of urbanization",Urban Climate,10.1016/j.uclim.2024.102016,https://www.scopus.com/inward/record.uri?eid=2-s2.0-85197547780&doi=10.1016%2fj.uclim.2024.102016&partnerID=40&md5=199e042e015ddf98d02383eb75949833
How Do Different Methods for Generating Future Weather Data Affect Building Performance Simulations? A Comparative Analysis of Southern Europe,Buildings,10.3390/buildings13092385,https://www.scopus.com/inward/record.uri?eid=2-s2.0-85172775456&doi=10.3390%2fbuildings13092385&partnerID=40&md5=a95506ff154ef7f30d1029e8956533ab
Sensitivity analysis of urban microclimatic conditions and building energy consumption on urban parameters by means of idealized numerical simulations,Urban Climate,10.1016/j.uclim.2020.100677,https://www.scopus.com/inward/record.uri?eid=2-s2.0-85089511108&doi=10.1016%2fj.uclim.2020.100677&partnerID=40&md5=fe85c1ffe0616fdbbf08d5ac01adfaf1
Effects of microclimatic factors on stomatal conductance of plants in vertical greenery systems in humid subtropical areas,Sustainable Cities and Society,10.1016/j.scs.2022.104056,https://www.scopus.com/inward/record.uri?eid=2-s2.0-85134699785&doi=10.1016%2fj.scs.2022.104056&partnerID=40&md5=d5f28e9eb9d748653891a495b96ee0e7
The vertical city weather generator (vcwg v1.3.2),Geoscientific Model Development,10.5194/gmd-14-961-2021,https://www.scopus.com/inward/record.uri?eid=2-s2.0-85101235412&doi=10.5194%2fgmd-14-961-2021&partnerID=40&md5=66419a808cba13c6dac1f254557bf026
Sensitivities of energy use reduction in subtropical high-rise office buildings: A Hong Kong case,Energy and Buildings,10.1016/j.enbuild.2024.114117,https://www.scopus.com/inward/record.uri?eid=2-s2.0-85189759837&doi=10.1016%2fj.enbuild.2024.114117&partnerID=40&md5=3e1400c90ccc15504dc23857fdbc7ea6
Overheating in existing and renovated Danish single- and multi-family houses,Journal of Building Engineering,10.1016/j.jobe.2022.104835,https://www.scopus.com/inward/record.uri?eid=2-s2.0-85133445017&doi=10.1016%2fj.jobe.2022.104835&partnerID=40&md5=44029622d0b30680e3f2e2c4d963b025
Anthropogenic heating of the urban environment: An investigation of feedback dynamics between urban micro-climate and decomposed anthropogenic heating from buildings,Building and Environment,10.1016/j.buildenv.2022.108841,https://www.scopus.com/inward/record.uri?eid=2-s2.0-85124271422&doi=10.1016%2fj.buildenv.2022.108841&partnerID=40&md5=b7d4713af804d5ca78b964f108d82cf1
"Future climate scenarios and their impact on heating, ventilation and air-conditioning system design and performance for commercial buildings for 2050",Renewable and Sustainable Energy Reviews,10.1016/j.rser.2022.112363,https://www.scopus.com/inward/record.uri?eid=2-s2.0-85128200803&doi=10.1016%2fj.rser.2022.112363&partnerID=40&md5=0bdac8efbf9bec711da57198229bc8d6
Numerical Assessment of Zebra-Stripes-Based Strategies in Buildings Energy Performance: A Case Study under Tropical Climate,Biomimetics,10.3390/biomimetics7010014,https://www.scopus.com/inward/record.uri?eid=2-s2.0-85123957499&doi=10.3390%2fbiomimetics7010014&partnerID=40&md5=a771aeead1dee4ddc73eb63c3a9cb7fc
Assessment of HVAC system operational fault impacts and multiple faults interactions under climate change,Energy,10.1016/j.energy.2022.124762,https://www.scopus.com/inward/record.uri?eid=2-s2.0-85134623398&doi=10.1016%2fj.energy.2022.124762&partnerID=40&md5=e746c91364812b45baf53546a9084b9b
Evaluation of employing local climate zone classification for mesoscale modelling over Beijing metropolitan area,Meteorology and Atmospheric Physics,10.1007/s00703-019-00692-7,https://www.scopus.com/inward/record.uri?eid=2-s2.0-85071645781&doi=10.1007%2fs00703-019-00692-7&partnerID=40&md5=fa46d955d5b7c0f01e21c07a3d26e49c
Effects of occupants and local air temperatures as sources of stochastic uncertainty in district energy system modeling,Energies,10.3390/en14082295,https://www.scopus.com/inward/record.uri?eid=2-s2.0-85106216527&doi=10.3390%2fen14082295&partnerID=40&md5=e2f3af750d1ed4004429fbbf8bfd71d4
Thermal and energy benefits of rooftop photovoltaic panels in a semi-arid city during an extreme heatwave event,Energy and Buildings,10.1016/j.enbuild.2022.112490,https://www.scopus.com/inward/record.uri?eid=2-s2.0-85138327375&doi=10.1016%2fj.enbuild.2022.112490&partnerID=40&md5=9b7988e0a34fd8407a3e885880f81ad5
Article impact on renewable design requirements of net-zero carbon buildings under potential future climate scenarios,Climate,10.3390/cli9010017,https://www.scopus.com/inward/record.uri?eid=2-s2.0-85099945558&doi=10.3390%2fcli9010017&partnerID=40&md5=24be1db623cc6222b6c010f06cd687d1
Spatially resolved indoor overheating evaluation using microscale meteorological simulation as input for building simulation – opportunities and limitations,City and Environment Interactions,10.1016/j.cacint.2023.100122,https://www.scopus.com/inward/record.uri?eid=2-s2.0-85174747156&doi=10.1016%2fj.cacint.2023.100122&partnerID=40&md5=6fe0a156b8ff4a0067ba9c044343f36b
Assessment of the urban heat island impact on building energy performance at district level with the EUReCA platform,Climate,10.3390/cli9030048,https://www.scopus.com/inward/record.uri?eid=2-s2.0-85103291872&doi=10.3390%2fcli9030048&partnerID=40&md5=35db60a3253dbe27b2964ebf0ca04b31
Decarbonising well-insulated buildings in a warming climate: The case of adaptive thermal comfort with geothermal space heating,Energy and Buildings,10.1016/j.enbuild.2024.114466,https://www.scopus.com/inward/record.uri?eid=2-s2.0-85198005324&doi=10.1016%2fj.enbuild.2024.114466&partnerID=40&md5=52997a46cf47ae0ea67ec8827ce493a7
Using recurrent neural networks for localized weather prediction with combined use of public airport data and on-site measurements,Building and Environment,10.1016/j.buildenv.2021.107601,https://www.scopus.com/inward/record.uri?eid=2-s2.0-85100413954&doi=10.1016%2fj.buildenv.2021.107601&partnerID=40&md5=a00ca6d8c07915ddbef5f5f57db810d5
Impact of outdoor heat adaptation on indoor thermal conditions – Combining microscale urban climate and building performance simulation,Climate Risk Management,10.1016/j.crm.2024.100615,https://www.scopus.com/inward/record.uri?eid=2-s2.0-85193227981&doi=10.1016%2fj.crm.2024.100615&partnerID=40&md5=668388efd00d3621d8060f9b4154b675
Vertical meteorological patterns and their impact on the energy demand of tall buildings,Energy and Buildings,10.1016/j.enbuild.2020.110624,https://www.scopus.com/inward/record.uri?eid=2-s2.0-85098464688&doi=10.1016%2fj.enbuild.2020.110624&partnerID=40&md5=aace84a5f8122b57d6ce831cc404d3e5
The boundary layer characteristics of coastal urban environments,Theoretical and Applied Climatology,10.1007/s00704-024-05036-z,https://www.scopus.com/inward/record.uri?eid=2-s2.0-85195367633&doi=10.1007%2fs00704-024-05036-z&partnerID=40&md5=5ce743540261e456b339b13fa5a482dc
Integration of a Building Energy Model in an Urban Climate Model and its Application,Boundary-Layer Meteorology,10.1007/s10546-020-00569-y,https://www.scopus.com/inward/record.uri?eid=2-s2.0-85091143283&doi=10.1007%2fs10546-020-00569-y&partnerID=40&md5=e3e48bfe206b4fe257c1001bc9fbd149
Impact of urban heat island on high-rise residential building cooling energy demand in Hong Kong,Energy and Buildings,10.1016/j.enbuild.2024.114127,https://www.scopus.com/inward/record.uri?eid=2-s2.0-85190294052&doi=10.1016%2fj.enbuild.2024.114127&partnerID=40&md5=c39c90c656c581e17fb3d6cbbd1016b6
Transferring energy signatures across space and time to assess their viability for rapid urban energy demand estimation,Energy and Buildings,10.1016/j.enbuild.2024.114348,https://www.scopus.com/inward/record.uri?eid=2-s2.0-85194356276&doi=10.1016%2fj.enbuild.2024.114348&partnerID=40&md5=01cc8da56c564021586217fd6c0468a6
Integration of a practical model to assess the local urban interactions in building energy simulation with a street canyon,Journal of Building Performance Simulation,10.1080/19401493.2020.1818829,https://www.scopus.com/inward/record.uri?eid=2-s2.0-85091141657&doi=10.1080%2f19401493.2020.1818829&partnerID=40&md5=8b07179e2dd2b4d450da01f3a00df430
Impact of Climate Change on the Heating Demand of Buildings. A District Level Approach,Environmental and Climate Technologies,10.2478/rtuect-2023-0066,https://www.scopus.com/inward/record.uri?eid=2-s2.0-85180571229&doi=10.2478%2frtuect-2023-0066&partnerID=40&md5=901cc72efe6fdeed7741e94de25caaa5
"A case-crossover analysis of indoor heat exposure on mortality and hospitalizations among the elderly in Houston, Texas",Environmental Health Perspectives,10.1289/EHP6340,https://www.scopus.com/inward/record.uri?eid=2-s2.0-85097841220&doi=10.1289%2fEHP6340&partnerID=40&md5=27e90dcfbb1d7a80873e3ff753570281
Impact of urban form on building energy consumption in different climate zones of China,Energy and Buildings,10.1016/j.enbuild.2024.114579,https://www.scopus.com/inward/record.uri?eid=2-s2.0-85199861542&doi=10.1016%2fj.enbuild.2024.114579&partnerID=40&md5=96433879f2da938d10b2d34131011050
Mapping the city scale anthropogenic heat emissions from buildings in Kuala Lumpur through a top-down and a bottom-up approach,Sustainable Cities and Society,10.1016/j.scs.2021.103443,https://www.scopus.com/inward/record.uri?eid=2-s2.0-85118709159&doi=10.1016%2fj.scs.2021.103443&partnerID=40&md5=e190d4910326facb925d09921b8657f0
Exploring uncertainty in district heat demand through a probabilistic building characterization approach,Applied Energy,10.1016/j.apenergy.2024.124411,https://www.scopus.com/inward/record.uri?eid=2-s2.0-85203265855&doi=10.1016%2fj.apenergy.2024.124411&partnerID=40&md5=d96597269ef11e4334b39152008fa24e
Anthropogenic heat from buildings in Los Angeles County: A simulation framework and assessment,Sustainable Cities and Society,10.1016/j.scs.2024.105468,https://www.scopus.com/inward/record.uri?eid=2-s2.0-85191988912&doi=10.1016%2fj.scs.2024.105468&partnerID=40&md5=70882fb6937e80444d3222a40c3520e6
Microclimate spatio-temporal prediction using deep learning and land use data,Building and Environment,10.1016/j.buildenv.2024.111358,https://www.scopus.com/inward/record.uri?eid=2-s2.0-85186346654&doi=10.1016%2fj.buildenv.2024.111358&partnerID=40&md5=e2b672c9598f368fc80f1fdb087c7834
Investigating the impact of urban microclimate on building thermal performance: A case study of dense urban areas in Hong Kong,Sustainable Cities and Society,10.1016/j.scs.2023.104509,https://www.scopus.com/inward/record.uri?eid=2-s2.0-85151045404&doi=10.1016%2fj.scs.2023.104509&partnerID=40&md5=b1daa43a737158141f42b864a7c0f21f
Urban microclimate prediction based on weather station data and artificial neural network,Energy and Buildings,10.1016/j.enbuild.2024.114283,https://www.scopus.com/inward/record.uri?eid=2-s2.0-85193499063&doi=10.1016%2fj.enbuild.2024.114283&partnerID=40&md5=7c698873b793b3747d8c364c224a20f5
Modeling and analysis of heat emissions from buildings to ambient air,Applied Energy,10.1016/j.apenergy.2020.115566,https://www.scopus.com/inward/record.uri?eid=2-s2.0-85088655894&doi=10.1016%2fj.apenergy.2020.115566&partnerID=40&md5=1b98640c93b4eba9dbe157d1c87392a8
Study of Urban Thermal Environment and Local Circulations of Guangdong-Hong Kong-Macao Greater Bay Area Using WRF and Local Climate Zones,Journal of Geophysical Research: Atmospheres,10.1029/2022JD038210,https://www.scopus.com/inward/record.uri?eid=2-s2.0-85174453297&doi=10.1029%2f2022JD038210&partnerID=40&md5=fd775c9cac53a4238c01b75f4f2c630a
"Exploring the impacts of heat release of vehicles on urban heat mitigation in Sendai, Japan using WRF model integrated with urban LCZ",Sustainable Cities and Society,10.1016/j.scs.2022.103922,https://www.scopus.com/inward/record.uri?eid=2-s2.0-85129977189&doi=10.1016%2fj.scs.2022.103922&partnerID=40&md5=ae98b5693070e91f378c1610ca805558
City-scale building anthropogenic heating during heat waves,Atmosphere,10.3390/atmos11111206,https://www.scopus.com/inward/record.uri?eid=2-s2.0-85095976029&doi=10.3390%2fatmos11111206&partnerID=40&md5=e7f52374d04d6ebeb2c5f539de9a310f
Parameterization and Surface Data Improvements and New Capabilities for the Community Land Model Urban (CLMU),Journal of Advances in Modeling Earth Systems,10.1029/2018MS001586,https://www.scopus.com/inward/record.uri?eid=2-s2.0-85076394685&doi=10.1029%2f2018MS001586&partnerID=40&md5=1575a89a8886387d23288d2f22c8cbe3
Energy Analysis and Forecast of a Major Modern Hospital,Buildings,10.3390/buildings12081116,https://www.scopus.com/inward/record.uri?eid=2-s2.0-85137363251&doi=10.3390%2fbuildings12081116&partnerID=40&md5=eabdbc35e033070ea5bf62f71ff1c1f4
Sensitivity study of PBL schemes and soil initialization using the WRF-BEP-BEM model over a Mediterranean coastal city,Urban Climate,10.1016/j.uclim.2021.100982,https://www.scopus.com/inward/record.uri?eid=2-s2.0-85114819494&doi=10.1016%2fj.uclim.2021.100982&partnerID=40&md5=fa7520fef36e6fb6a16a34bcc1537961
Study on Urban Thermal Environment in Beijing Based on Local Climate Zone Method,Sustainability (Switzerland),10.3390/su14159503,https://www.scopus.com/inward/record.uri?eid=2-s2.0-85137179228&doi=10.3390%2fsu14159503&partnerID=40&md5=2931c38494623c0f071405098bb7386d
Thermal effects of cool roofs and urban vegetation during extreme heat events in three Canadian regions,Sustainable Cities and Society,10.1016/j.scs.2023.104925,https://www.scopus.com/inward/record.uri?eid=2-s2.0-85171611685&doi=10.1016%2fj.scs.2023.104925&partnerID=40&md5=f1731ab0479e39fe801030a36aaa4fdc
Urban weather modeling applications: A Vienna case study,Building Simulation,10.1007/s12273-019-0564-y,https://www.scopus.com/inward/record.uri?eid=2-s2.0-85069227919&doi=10.1007%2fs12273-019-0564-y&partnerID=40&md5=3dd2a21c61a527be9e78a65547c65774
Extending the IFC-Based bim2sim Framework to Improve the Accessibility of Thermal Comfort Analysis Considering Future Climate Scenarios,Applied Sciences (Switzerland),10.3390/app132212478,https://www.scopus.com/inward/record.uri?eid=2-s2.0-85192433747&doi=10.3390%2fapp132212478&partnerID=40&md5=881df4d55f304ea421d7f04dbce73fd1
Towards decarbonisation targets by changing setpoint temperature to avoid building overcooling and implementing district cooling in (sub)tropical high-density cities – A case study of Hong Kong,Science of the Total Environment,10.1016/j.scitotenv.2021.152338,https://www.scopus.com/inward/record.uri?eid=2-s2.0-85121578169&doi=10.1016%2fj.scitotenv.2021.152338&partnerID=40&md5=ffb64e4867da3a17f191cab3d9ba724d
Effects of climate changes on building energy demand and thermal comfort in Canadian office buildings adopting different temperature setpoints,Journal of Building Engineering,10.1016/j.jobe.2021.102725,https://www.scopus.com/inward/record.uri?eid=2-s2.0-85108637826&doi=10.1016%2fj.jobe.2021.102725&partnerID=40&md5=23fe31bd03bc0619dc961873f3dc6420
Evaluating the performance of wrf urban schemes and pbl schemes over dallas–fort worth during a dry summer and a wet summer,Journal of Applied Meteorology and Climatology,10.1175/JAMC-D-19-0195.1,https://www.scopus.com/inward/record.uri?eid=2-s2.0-85108616368&doi=10.1175%2fJAMC-D-19-0195.1&partnerID=40&md5=a1140f4c181b315f34470aadd8606322
Urban electricity–temperature relationships in the Tokyo Metropolitan Area,Energy and Buildings,10.1016/j.enbuild.2021.111729,https://www.scopus.com/inward/record.uri?eid=2-s2.0-85120865854&doi=10.1016%2fj.enbuild.2021.111729&partnerID=40&md5=41c96e78cac66a59d576b6981b8737bc
Urban climate changes during the COVID-19 pandemic: integration of urban-building-energy model with social big data,npj Climate and Atmospheric Science,10.1038/s41612-022-00268-0,https://www.scopus.com/inward/record.uri?eid=2-s2.0-85131121686&doi=10.1038%2fs41612-022-00268-0&partnerID=40&md5=896c67ada15785714634f31304fae804
Coupling urban climate modeling and city-scale building energy simulations with the statistical analysis: Climate and energy implications of high albedo materials in Seoul,Energy and Buildings,10.1016/j.enbuild.2023.113092,https://www.scopus.com/inward/record.uri?eid=2-s2.0-85153354048&doi=10.1016%2fj.enbuild.2023.113092&partnerID=40&md5=546432d887b3c3f25c2c5b31d79b2a71
Overheating of residential buildings in the severe cold and cold regions of China: The gap between building policy and performance,Building and Environment,10.1016/j.buildenv.2022.109601,https://www.scopus.com/inward/record.uri?eid=2-s2.0-85138468591&doi=10.1016%2fj.buildenv.2022.109601&partnerID=40&md5=a6911ebe873f5a2892b73e3de3a6e621
Transforming and validating urban microclimate data with multi-sourced microclimate datasets for building energy modelling at urban scale,Energy and Buildings,10.1016/j.enbuild.2023.113318,https://www.scopus.com/inward/record.uri?eid=2-s2.0-85163953016&doi=10.1016%2fj.enbuild.2023.113318&partnerID=40&md5=fe141a657c1e0652c2ee681cc767e5e7
The interactive indoor-outdoor building energy modeling for enhancing the predictions of urban microclimates and building energy demands,Building and Environment,10.1016/j.buildenv.2023.111059,https://www.scopus.com/inward/record.uri?eid=2-s2.0-85179139227&doi=10.1016%2fj.buildenv.2023.111059&partnerID=40&md5=34ed6f0ba9de0bc110d5013f4e76bc3c
Assessing the impact of courtyards in cooling energy demand in buildings,Journal of Cleaner Production,10.1016/j.jclepro.2021.128742,https://www.scopus.com/inward/record.uri?eid=2-s2.0-85113940430&doi=10.1016%2fj.jclepro.2021.128742&partnerID=40&md5=3590bb3ebdc725c24f1e45c2801f2e8b
Microclimate and urban morphology effects on building energy demand in different European cities,Energy and Buildings,10.1016/j.enbuild.2020.110129,https://www.scopus.com/inward/record.uri?eid=2-s2.0-85088377284&doi=10.1016%2fj.enbuild.2020.110129&partnerID=40&md5=68abb497df85c2a3fb502493b9475a81
Review of Urban Heat Island and Building Energy Modeling Approaches,Journal of Engineering for Sustainable Buildings and Cities,10.1115/1.4053677,https://www.scopus.com/inward/record.uri?eid=2-s2.0-85159296865&doi=10.1115%2f1.4053677&partnerID=40&md5=0c3c58a1d8690aea6b0046752536268a
High-resolution impact assessment of climate change on building energy performance considering extreme weather events and microclimate – Investigating variations in indoor thermal comfort and degree-days,Sustainable Cities and Society,10.1016/j.scs.2021.103634,https://www.scopus.com/inward/record.uri?eid=2-s2.0-85121926191&doi=10.1016%2fj.scs.2021.103634&partnerID=40&md5=521a09fbcae540e101a916af5d4880b8
ANN-Based Method for Urban Canopy Temperature Prediction and Building Energy Simulation with Urban Heat Island Effect in Consideration,Energies,10.3390/en16145335,https://www.scopus.com/inward/record.uri?eid=2-s2.0-85166209440&doi=10.3390%2fen16145335&partnerID=40&md5=53c1ae839dab761a6f4973c97f1049e7
"The effect of regional, urban and future climate on indoor overheating – A simplified approach based on measured weather data, statistical evaluation, and urban climate effects for building performance simulations",City and Environment Interactions,10.1016/j.cacint.2024.100163,https://www.scopus.com/inward/record.uri?eid=2-s2.0-85200985301&doi=10.1016%2fj.cacint.2024.100163&partnerID=40&md5=23bc1863a9be070dd939373e8afa3c30
Institutional heat wave analysis by building energy modeling fleet and meter data,Energy and Buildings,10.1016/j.enbuild.2021.110774,https://www.scopus.com/inward/record.uri?eid=2-s2.0-85101867091&doi=10.1016%2fj.enbuild.2021.110774&partnerID=40&md5=86dfa1aad8e3639ccdc5d5081928197e
A stochastic model of future extreme temperature events for infrastructure analysis,Environmental Modelling and Software,10.1016/j.envsoft.2023.105663,https://www.scopus.com/inward/record.uri?eid=2-s2.0-85150235918&doi=10.1016%2fj.envsoft.2023.105663&partnerID=40&md5=5b3ba543404c0e7e46dcb8da3eb78c9f
"Influence of urbanization on meteorological conditions and ozone pollution in the Central Plains Urban Agglomeration, China",Environmental Pollution,10.1016/j.envpol.2024.124290,https://www.scopus.com/inward/record.uri?eid=2-s2.0-85194820343&doi=10.1016%2fj.envpol.2024.124290&partnerID=40&md5=80599b823b527670380e5e3f1388505c
Assessing the performance of the non-hydrostatic RegCM4 with the improved urban parameterization over southeastern China,Urban Climate,10.1016/j.uclim.2023.101527,https://www.scopus.com/inward/record.uri?eid=2-s2.0-85154026893&doi=10.1016%2fj.uclim.2023.101527&partnerID=40&md5=4e39d0cd3750f3c9c0f842942eeda7e6
TOM.D: Taking advantage of microclimate data for urban building energy modeling,Advances in Applied Energy,10.1016/j.adapen.2023.100138,https://www.scopus.com/inward/record.uri?eid=2-s2.0-85159105607&doi=10.1016%2fj.adapen.2023.100138&partnerID=40&md5=1212e8285aad31707d803622b0d0d74d
Assessing strategies for retrofitting cooling systems in historical buildings,Energy Reports,10.1016/j.egyr.2024.01.017,https://www.scopus.com/inward/record.uri?eid=2-s2.0-85185399182&doi=10.1016%2fj.egyr.2024.01.017&partnerID=40&md5=26f293935b4367ba0d4ffeca10a1cc7a
Human behaviour change and its impact on urban climate: Restrictions with the G20 Osaka Summit and COVID-19 outbreak,Urban Climate,10.1016/j.uclim.2020.100728,https://www.scopus.com/inward/record.uri?eid=2-s2.0-85096498654&doi=10.1016%2fj.uclim.2020.100728&partnerID=40&md5=98c6fe7e7636b2d0d613cd8380b59629
Assessing the effects of CO2 reduction strategies on heat islands in urban areas,Sustainable Cities and Society,10.1016/j.scs.2016.04.018,https://www.scopus.com/inward/record.uri?eid=2-s2.0-84971320393&doi=10.1016%2fj.scs.2016.04.018&partnerID=40&md5=21623ba5ef8e461cdb68c1a2580d3438
Interactions between building integrated photovoltaics and microclimate in urban environments,"Journal of Solar Energy Engineering, Transactions of the ASME",10.1115/1.2188533,https://www.scopus.com/inward/record.uri?eid=2-s2.0-33646879425&doi=10.1115%2f1.2188533&partnerID=40&md5=788fcfd66a1599bcfe959ccdd90f91c6
Changes in year-round air temperature and annual energy consumption in office building areas by urban heat-island countermeasures and energy-saving measures,Applied Energy,10.1016/j.apenergy.2007.06.012,https://www.scopus.com/inward/record.uri?eid=2-s2.0-34848834156&doi=10.1016%2fj.apenergy.2007.06.012&partnerID=40&md5=d1ec6fd4d8fab3a2f437634fcf6bd8dc
Impacts of urbanization and air pollution on building energy demands — Beijing case study,Applied Energy,10.1016/j.apenergy.2018.04.120,https://www.scopus.com/inward/record.uri?eid=2-s2.0-85048829943&doi=10.1016%2fj.apenergy.2018.04.120&partnerID=40&md5=66bf6be5ce2007697735f21f44025e54
A climatological validation of urban air temperature and electricity demand simulated by a regional climate model coupled with an urban canopy model and a building energy model in an Asian megacity,International Journal of Climatology,10.1002/joc.5056,https://www.scopus.com/inward/record.uri?eid=2-s2.0-85017354175&doi=10.1002%2fjoc.5056&partnerID=40&md5=2361b0a4bea129a5bb5d36b9639e3a2d
Combining a Detailed Building Energy Model with a Physically-Based Urban Canopy Model,Boundary-Layer Meteorology,10.1007/s10546-011-9620-6,https://www.scopus.com/inward/record.uri?eid=2-s2.0-80051663853&doi=10.1007%2fs10546-011-9620-6&partnerID=40&md5=c288c98849276850aa3d157950a3a598
Energy savings potentials of commercial buildings by urban heat island reduction strategies in Montreal (Canada),Energy and Buildings,10.1016/j.enbuild.2015.10.018,https://www.scopus.com/inward/record.uri?eid=2-s2.0-84945929208&doi=10.1016%2fj.enbuild.2015.10.018&partnerID=40&md5=a7bdc4d2ec58d59e4d0a6e953120d102
A new Building Energy Model coupled with an Urban Canopy Parameterization for urban climate simulations-part II. Validation with one dimension off-line simulations,Theoretical and Applied Climatology,10.1007/s00704-009-0143-8,https://www.scopus.com/inward/record.uri?eid=2-s2.0-73149101472&doi=10.1007%2fs00704-009-0143-8&partnerID=40&md5=957923b8e36db2a5ef217d06a75d483c
From urban climate to energy consumption. Enhancing building performance simulation by including the urban heat island effect,Energy and Buildings,10.1016/j.enbuild.2017.03.069,https://www.scopus.com/inward/record.uri?eid=2-s2.0-85017557333&doi=10.1016%2fj.enbuild.2017.03.069&partnerID=40&md5=d92c0d5408e1cf8c2ffb5006bea5bdc5
On the impact of local microclimate on building performance simulation. Part I: Prediction of building external conditions,Building Simulation,10.1007/s12273-019-0507-7,https://www.scopus.com/inward/record.uri?eid=2-s2.0-85064245814&doi=10.1007%2fs12273-019-0507-7&partnerID=40&md5=e2bc21836cde64b01b4a883a55c7ee34
Evaluation of the seasonal effect of increasing albedo on urban climate and energy consumption of buildings in Montreal,Urban Climate,10.1016/j.uclim.2015.09.007,https://www.scopus.com/inward/record.uri?eid=2-s2.0-84945948369&doi=10.1016%2fj.uclim.2015.09.007&partnerID=40&md5=278c143dfc586727685e96f40b680376
Technomass and cooling demand in South America: a superlinear relationship?,Building Research and Information,10.1080/09613218.2018.1483868,https://www.scopus.com/inward/record.uri?eid=2-s2.0-85052929046&doi=10.1080%2f09613218.2018.1483868&partnerID=40&md5=c111c4e076f25c4d564eb5b7ae448421
Comparison between simplified and detailed EnergyPlus models coupled with an urban canopy model,Energy and Buildings,10.1016/j.enbuild.2017.01.078,https://www.scopus.com/inward/record.uri?eid=2-s2.0-85013442780&doi=10.1016%2fj.enbuild.2017.01.078&partnerID=40&md5=40b7cc1dfb91bd51bb736603d5f5a83d
Towards an overheating risk tool for building design,Structural Survey,10.1108/SS-01-2013-0004,https://www.scopus.com/inward/record.uri?eid=2-s2.0-84883120451&doi=10.1108%2fSS-01-2013-0004&partnerID=40&md5=de156843596a135436258344313224fb
Building information modelling (Bim) for estimation of heat flux from streetscape material,International Journal of Engineering and Advanced Technology,10.35940/ijeat.A2679.109119,https://www.scopus.com/inward/record.uri?eid=2-s2.0-85074559890&doi=10.35940%2fijeat.A2679.109119&partnerID=40&md5=f15b4431a953d3849264c1343f28b7b0
Adaptive comfort assessments in urban neighbourhoods: Simulations of a residential case study from London,Energy and Buildings,10.1016/j.enbuild.2019.07.039,https://www.scopus.com/inward/record.uri?eid=2-s2.0-85069914510&doi=10.1016%2fj.enbuild.2019.07.039&partnerID=40&md5=9ff60607b6b06bb29ae34efb60ee6c29
Citywide Impacts of Cool Roof and Rooftop Solar Photovoltaic Deployment on Near-Surface Air Temperature and Cooling Energy Demand,Boundary-Layer Meteorology,10.1007/s10546-016-0160-y,https://www.scopus.com/inward/record.uri?eid=2-s2.0-84964324865&doi=10.1007%2fs10546-016-0160-y&partnerID=40&md5=dbf19582add7980f814d3400e8b6431e
Influence of air-conditioning waste heat on air temperature in Tokyo during summer: Numerical experiments using an urban canopy model coupled with a building energy model,Journal of Applied Meteorology and Climatology,10.1175/JAM2441.1,https://www.scopus.com/inward/record.uri?eid=2-s2.0-33846820460&doi=10.1175%2fJAM2441.1&partnerID=40&md5=0d6af7ebbbf81f3ec7923cdcc9a0bdc1
Using WRF-Urban to Assess Summertime Air Conditioning Electric Loads and Their Impacts on Urban Weather in Beijing,Journal of Geophysical Research: Atmospheres,10.1002/2017JD028168,https://www.scopus.com/inward/record.uri?eid=2-s2.0-85044471932&doi=10.1002%2f2017JD028168&partnerID=40&md5=07f9a69d3d9356a50c779a76bdaaf2db
"Coupled CFD, radiation and building energy model for studying heat fluxes in an urban environment with generic building configurations",Sustainable Cities and Society,10.1016/j.scs.2015.07.009,https://www.scopus.com/inward/record.uri?eid=2-s2.0-84944172186&doi=10.1016%2fj.scs.2015.07.009&partnerID=40&md5=3e30ac34222ee63a58310b89743c6c9c
Investigating the potential of a novel low-energy house concept with hybrid adaptable thermal storage,Energy Conversion and Management,10.1016/j.enconman.2010.12.050,https://www.scopus.com/inward/record.uri?eid=2-s2.0-79953143403&doi=10.1016%2fj.enconman.2010.12.050&partnerID=40&md5=eee023f192fe909c149ef7686f3a32e1
A reflective adaptive solar façade for multi-building energy and comfort management,Energy and Buildings,10.1016/j.enbuild.2018.07.040,https://www.scopus.com/inward/record.uri?eid=2-s2.0-85052106938&doi=10.1016%2fj.enbuild.2018.07.040&partnerID=40&md5=4740115e8633a8977b51558eab630d11
Development and assessment of simplified building representations under the context of an urban energy model: Application to arid climate environment,Energy and Buildings,10.1016/j.enbuild.2018.04.030,https://www.scopus.com/inward/record.uri?eid=2-s2.0-85048581776&doi=10.1016%2fj.enbuild.2018.04.030&partnerID=40&md5=c3858fc93c4db59c8da0554b794c1841
Estimation of thermal comfort felt by human exposed to extreme heat wave in a complex urban area using a WRF-MENEX model,International Journal of Biometeorology,10.1007/s00484-019-01705-1,https://www.scopus.com/inward/record.uri?eid=2-s2.0-85063210179&doi=10.1007%2fs00484-019-01705-1&partnerID=40&md5=5d7c09b8df2e69379c6390e516574704
On the impact of anthropogenic heat fluxes on the urban boundary layer: A two-dimensional numerical study,Boundary-Layer Meteorology,10.1007/s10546-010-9491-2,https://www.scopus.com/inward/record.uri?eid=2-s2.0-77953715703&doi=10.1007%2fs10546-010-9491-2&partnerID=40&md5=8c88f478b61e705d8731652e09b12488
A zonal model for assessing street canyon air temperature of high-density cities,Building and Environment,10.1016/j.buildenv.2018.01.035,https://www.scopus.com/inward/record.uri?eid=2-s2.0-85044671002&doi=10.1016%2fj.buildenv.2018.01.035&partnerID=40&md5=977d44c26018926f616fc9e1a23a9986
Spatiotemporal variability in building energy use in New York City,Energy,10.1016/j.energy.2017.11.066,https://www.scopus.com/inward/record.uri?eid=2-s2.0-85034785999&doi=10.1016%2fj.energy.2017.11.066&partnerID=40&md5=37a69d1d94eba11a051e751a852d7fb6
Climate change impacts on peak building cooling energy demand in a coastal megacity,Environmental Research Letters,10.1088/1748-9326/aad8d0,https://www.scopus.com/inward/record.uri?eid=2-s2.0-85055740077&doi=10.1088%2f1748-9326%2faad8d0&partnerID=40&md5=2d77c07ef1b233406dde8474be2b29fa
The outdoor microclimate benefits and energy saving resulting from green roofs retrofits,Energy and Buildings,10.1016/j.enbuild.2016.03.021,https://www.scopus.com/inward/record.uri?eid=2-s2.0-84987819189&doi=10.1016%2fj.enbuild.2016.03.021&partnerID=40&md5=246ebea1c35100a512636b45f0dfb55f
Numerical simulations of outdoor heat stress index and heat disorder risk in the 23 wards of Tokyo,Journal of Applied Meteorology and Climatology,10.1175/JAMC-D-13-0127.1,https://www.scopus.com/inward/record.uri?eid=2-s2.0-84896514586&doi=10.1175%2fJAMC-D-13-0127.1&partnerID=40&md5=9310a0605d98b154ab34e3fd83d6ecb1
Development and evaluation of a building energy model integrated in the TEB scheme,Geoscientific Model Development,10.5194/gmd-5-433-2012,https://www.scopus.com/inward/record.uri?eid=2-s2.0-84859171470&doi=10.5194%2fgmd-5-433-2012&partnerID=40&md5=ddcd4405b36772c19bd9ec821e77a193
Analysis of the cooling effects of higher albedo surfaces during heat waves coupling the Weather Research and Forecasting model with building energy models,Energy and Buildings,10.1016/j.enbuild.2019.109627,https://www.scopus.com/inward/record.uri?eid=2-s2.0-85076217953&doi=10.1016%2fj.enbuild.2019.109627&partnerID=40&md5=3d6d91287d68b5d1a9a455151690452a
"Urban Building Energy and Climate (UrBEC) simulation: Example application and field evaluation in Sai Ying Pun, Hong Kong",Energy and Buildings,10.1016/j.enbuild.2019.109580,https://www.scopus.com/inward/record.uri?eid=2-s2.0-85076507174&doi=10.1016%2fj.enbuild.2019.109580&partnerID=40&md5=dd31777af0c9df3317eb9936855bcded
Uncertainty quantification of microclimate variables in building energy models,Journal of Building Performance Simulation,10.1080/19401493.2012.757368,https://www.scopus.com/inward/record.uri?eid=2-s2.0-84887195568&doi=10.1080%2f19401493.2012.757368&partnerID=40&md5=6fbbaa67a63a58bbb83f8c6522b0dd36
"An idealized study of city structure, urban climate, energy consumption, and air quality",Urban Climate,10.1016/j.uclim.2014.03.003,https://www.scopus.com/inward/record.uri?eid=2-s2.0-84927959783&doi=10.1016%2fj.uclim.2014.03.003&partnerID=40&md5=948341ed4d3bb50bbff3435c0853208f
Dynamic analysis of the heat released by tertiary buildings and the effects of urban heat island mitigation strategies,Energy and Buildings,10.1016/j.enbuild.2015.05.037,https://www.scopus.com/inward/record.uri?eid=2-s2.0-84967321416&doi=10.1016%2fj.enbuild.2015.05.037&partnerID=40&md5=1bef587eecf406df7c2b7ad89635eed0
Simulations of a heat-wave event in New York City using a multilayer urban parameterization,Journal of Applied Meteorology and Climatology,10.1175/JAMC-D-14-0028.1,https://www.scopus.com/inward/record.uri?eid=2-s2.0-84936953118&doi=10.1175%2fJAMC-D-14-0028.1&partnerID=40&md5=0e09a9f357cad5f16626555ccba281b9
"Impacts on cooling energy consumption due to the UHI and vegetation changes in Manchester, UK",Energy and Buildings,10.1016/j.enbuild.2016.01.035,https://www.scopus.com/inward/record.uri?eid=2-s2.0-84964317361&doi=10.1016%2fj.enbuild.2016.01.035&partnerID=40&md5=a34efb0f0d6fbec2638ee88847875471
Simulations of local heat islands in Zürich with coupled CFD and building energy models,Urban Climate,10.1016/j.uclim.2017.02.003,https://www.scopus.com/inward/record.uri?eid=2-s2.0-85013167683&doi=10.1016%2fj.uclim.2017.02.003&partnerID=40&md5=2cf51e613a982f1ace51592e79dd9da9
On the impact of local microclimate on building performance simulation. Part II: Effect of external conditions on the dynamic thermal behavior of buildings,Building Simulation,10.1007/s12273-019-0508-6,https://www.scopus.com/inward/record.uri?eid=2-s2.0-85064247616&doi=10.1007%2fs12273-019-0508-6&partnerID=40&md5=919553df5851c2bf5e48564639570d6b
The impact of the London Olympic Parkland on the urban heat island,Journal of Building Performance Simulation,10.1080/19401493.2013.791343,https://www.scopus.com/inward/record.uri?eid=2-s2.0-84887187861&doi=10.1080%2f19401493.2013.791343&partnerID=40&md5=c57a70855c42f565f0298f4745dbc4d5
On the assessment of alternatives for building cooling load reductions for a tropical coastal city,Energy and Buildings,10.1016/j.enbuild.2018.10.023,https://www.scopus.com/inward/record.uri?eid=2-s2.0-85055751406&doi=10.1016%2fj.enbuild.2018.10.023&partnerID=40&md5=113cec6ee783daa46ae089fce4842dc0
Development of a dynamic external CFD and BES coupling framework for application of urban neighbourhoods energy modelling,Building and Environment,10.1016/j.buildenv.2018.09.006,https://www.scopus.com/inward/record.uri?eid=2-s2.0-85054040208&doi=10.1016%2fj.buildenv.2018.09.006&partnerID=40&md5=06adc3a7e08994e1c977137601637168
Urban warming and future air-conditioning use in an Asian megacity: importance of positive feedback,npj Climate and Atmospheric Science,10.1038/s41612-019-0096-2,https://www.scopus.com/inward/record.uri?eid=2-s2.0-85081662248&doi=10.1038%2fs41612-019-0096-2&partnerID=40&md5=4bc3a21b5d17ac274f268cb41a5a0ec3
Simulating the CO2 reduction caused by decreasing the air conditioning load in an urban area,Energy and Buildings,10.1016/j.enbuild.2015.06.033,https://www.scopus.com/inward/record.uri?eid=2-s2.0-84961159037&doi=10.1016%2fj.enbuild.2015.06.033&partnerID=40&md5=884061f0959156e01c03f5a0326f58a6
Predicting the impact of climate change on thermal comfort in a building category: The Case of Linear-type Social Housing Stock in Southern Spain,Energies,10.3390/en12122238,https://www.scopus.com/inward/record.uri?eid=2-s2.0-85067271736&doi=10.3390%2fen12122238&partnerID=40&md5=69641bcef7b728409b6d62fe9d8a82fc
Chicago's heat island and climate change: Bridging the scales via dynamical downscaling,Journal of Applied Meteorology and Climatology,10.1175/JAMC-D-14-0241.1,https://www.scopus.com/inward/record.uri?eid=2-s2.0-84943811885&doi=10.1175%2fJAMC-D-14-0241.1&partnerID=40&md5=23eed27685294eb5102d030e23792ec8
Improving the capabilities of the Town Energy Balance model with up-to-date building energy simulation algorithms: An application to a set of representative buildings in Paris,Energy and Buildings,10.1016/j.enbuild.2013.10.038,https://www.scopus.com/inward/record.uri?eid=2-s2.0-84897879061&doi=10.1016%2fj.enbuild.2013.10.038&partnerID=40&md5=16a2b472fa1a7ba878fc52e525185dc2
An integrated empirical and modeling methodology for analyzing solar reflective roof technologies on commercial buildings,Building and Environment,10.1016/j.buildenv.2009.07.001,https://www.scopus.com/inward/record.uri?eid=2-s2.0-70350163832&doi=10.1016%2fj.buildenv.2009.07.001&partnerID=40&md5=026057a509ab2fde29ea05e5fabf3b53
Impact of land surface heterogeneity on urban heat island circulation and sea-land breeze circulation in Hong Kong,Journal of Geophysical Research,10.1002/2017JD026702,https://www.scopus.com/inward/record.uri?eid=2-s2.0-85018958872&doi=10.1002%2f2017JD026702&partnerID=40&md5=4f7c042ed3569b3161fd9edbe6ca4264
Forecasting peak electricity demand for Los Angeles considering higher air temperatures due to climate change,Applied Energy,10.1016/j.apenergy.2018.11.039,https://www.scopus.com/inward/record.uri?eid=2-s2.0-85057146887&doi=10.1016%2fj.apenergy.2018.11.039&partnerID=40&md5=b10d1c90ec69289bf6f5ec4c6a6f2a3e
A resistance-capacitance network model for the analysis of the interactions between the energy performance of buildings and the urban climate,Building and Environment,10.1016/j.buildenv.2012.01.023,https://www.scopus.com/inward/record.uri?eid=2-s2.0-84857672633&doi=10.1016%2fj.buildenv.2012.01.023&partnerID=40&md5=8fc7b4f90820378074af43d7f53e732b
Comparison of software models for energy savings from cool roofs,Energy and Buildings,10.1016/j.enbuild.2015.06.020,https://www.scopus.com/inward/record.uri?eid=2-s2.0-84961178582&doi=10.1016%2fj.enbuild.2015.06.020&partnerID=40&md5=643c118b1fbf73d7f40ab62bf2ece528
The urban weather generator,Journal of Building Performance Simulation,10.1080/19401493.2012.718797,https://www.scopus.com/inward/record.uri?eid=2-s2.0-84875017618&doi=10.1080%2f19401493.2012.718797&partnerID=40&md5=8de1011495b67c92990d89dedea67683
The extent and implications of the microclimatic conditions in the urban environment: A Vienna case study,Sustainability (Switzerland),10.3390/su9020177,https://www.scopus.com/inward/record.uri?eid=2-s2.0-85013469557&doi=10.3390%2fsu9020177&partnerID=40&md5=a8ee4d60381ba792a594238efe924283
Quantifying the impact of urban wind sheltering on the building energy consumption,Applied Thermal Engineering,10.1016/j.applthermaleng.2017.01.044,https://www.scopus.com/inward/record.uri?eid=2-s2.0-85012863680&doi=10.1016%2fj.applthermaleng.2017.01.044&partnerID=40&md5=e886b04a279c24c6c53bc171faad2fae
A new validation protocol for an urban microclimate model based on temperature measurements in a Central European city,Energy and Buildings,10.1016/j.enbuild.2015.07.057,https://www.scopus.com/inward/record.uri?eid=2-s2.0-84961160227&doi=10.1016%2fj.enbuild.2015.07.057&partnerID=40&md5=fb2720aca51f3aeaea0fcefd77e92c92
Transforming existing weather data for worldwide locations to enable energy and building performance simulation under future climates,Renewable Energy,10.1016/j.renene.2012.12.049,https://www.scopus.com/inward/record.uri?eid=2-s2.0-84873655924&doi=10.1016%2fj.renene.2012.12.049&partnerID=40&md5=04557cf95e1bd6b9898435369de3fe70
